B,a,n,c,o,s
E,n,e,r,g,i,a, ,e,l,é,t,r,i,c,a
E,x,p,l,o,r,a,ç,ã,o, ,r,e,f,i,n,o, ,e, ,d,i,s,t,r,i,b,u,i,ç,ã,o
M,i,n,e,r,a,i,s, ,m,e,t,á,l,i,c,o,s
C,e,r,v,e,j,a,s, ,e, ,r,e,f,r,i,g,e,r,a,n,t,e,s
E,l,e,t,r,o,d,o,m,é,s,t,i,c,o,s
P,r,o,d,u,t,o,s, ,d,i,v,e,r,s,o,s
S,e,r,v,i,ç,o,s, ,m,é,d,i,c,o,-,h,o,s,p,i,t,a,l,a,r,e,s, ,a,n,á,l,i,s,e,s, ,e, ,d,i,a,g,n,ó,s,t,i,c,o,s
P,a,p,e,l, ,e, ,c,e,l,u,l,o,s,e
S,e,g,u,r,a,d,o,r,a,s
S,e,r,v,i,ç,o,s, ,f,i,n,a,n,c,e,i,r,o,s, ,d,i,v,e,r,s,o,s
T,r,a,n,s,p,o,r,t,e, ,f,e,r,r,o,v,i,á,r,i,o
C,a,r,n,e,s, ,e, ,d,e,r,i,v,a,d,o,s
S,i,d,e,r,u,r,g,i,a
A,l,i,m,e,n,t,o,s
Á,g,u,a, ,e, ,s,a,n,e,a,m,e,n,t,o
M,e,d,i,c,a,m,e,n,t,o,s, ,e, ,o,u,t,r,o,s, ,p,r,o,d,u,t,o,s
P,e,t,r,o,q,u,í,m,i,c,o,s
E,x,p,l,o,r,a,ç,ã,o, ,d,e, ,i,m,ó,v,e,i,s
T,e,c,i,d,o,s, ,v,e,s,t,u,á,r,i,o, ,e, ,c,a,l,ç,a,d,o,s
P,r,o,d,u,t,o,s, ,d,e, ,u,s,o, ,p,e,s,s,o,a,l
